{
  "config": {
    "architecture": [
      16,
      8
    ],
    "activation": "relu",
    "optimizer": {
      "name": "adam",
      "lr": 0.0001
    },
    "dropout": 0.0,
    "epochs": 200,
    "batch_size": 32
  },
  "mse": 0.018552327528595924,
  "mae": 0.09492357820272446,
  "residual_tests": {
    "zero_mean": {
      "cumple": true,
      "p_value": 0.8210722468511692,
      "mean": -0.0011444578270663134
    },
    "no_autocorrelation": {
      "cumple": true,
      "ljungbox": {
        "cumple": true,
        "p_values": {
          "lag_1": 0.3097215399733082,
          "lag_2": 0.3368683950735709,
          "lag_3": 0.07004782246334405,
          "lag_4": 0.12445292141560708,
          "lag_5": 0.18331060473584543,
          "lag_6": 0.17128017064023238,
          "lag_7": 0.136616296771104,
          "lag_8": 0.1558370833642595,
          "lag_9": 0.2186519186821932,
          "lag_10": 0.2810241083058501,
          "lag_11": 0.13620802576552898,
          "lag_12": 0.17272331083184456,
          "lag_13": 0.21206377286303166,
          "lag_14": 0.23669903075195017,
          "lag_15": 0.2783322543559179,
          "lag_16": 0.3232093462931895,
          "lag_17": 0.38809628930336865,
          "lag_18": 0.4544905944552136,
          "lag_19": 0.331565272959051,
          "lag_20": 0.3878127972225465
        }
      },
      "correlaciones_cruzadas": {
        "cumple": true,
        "correlaciones": {
          "y_t": 0.15065860053116703,
          "y_t-1": -0.0566852123326103,
          "y_t-2": -0.05925099494314105,
          "y_t-3": -0.05368904707646027,
          "m_1": 0.06163795212651908,
          "m_2": 0.018463101681147134,
          "m_3": -0.009143031170849218
        }
      }
    },
    "normality": {
      "cumple": false,
      "p_value": 6.550604537491865e-21
    },
    "homoscedasticity": {
      "cumple": true,
      "n_arch_effects": 0,
      "first_arch_lag": null
    }
  }
}