{
  "config": {
    "architecture": [
      64,
      32,
      16
    ],
    "activation": "relu",
    "optimizer": {
      "name": "adam",
      "lr": 0.0001
    },
    "dropout": 0.0,
    "epochs": 200,
    "batch_size": 32
  },
  "mse": 0.0008579656714573503,
  "mae": 0.022519301623106003,
  "residual_tests": {
    "zero_mean": {
      "cumple": true,
      "p_value": 0.060831867544429576,
      "mean": 0.0020376265161733092
    },
    "no_autocorrelation": {
      "cumple": true,
      "ljungbox": {
        "cumple": true,
        "p_values": {
          "lag_1": 0.9872426935695938,
          "lag_2": 0.9409089507384285,
          "lag_3": 0.9073145895219308,
          "lag_4": 0.9679366464364806,
          "lag_5": 0.9895618186006688,
          "lag_6": 0.987668148953658,
          "lag_7": 0.9921807569017358,
          "lag_8": 0.9943654392286112,
          "lag_9": 0.9593293912157137,
          "lag_10": 0.9603955953761925,
          "lag_11": 0.9774812344425531,
          "lag_12": 0.986414721708222,
          "lag_13": 0.9877260941365699,
          "lag_14": 0.8222620594564831,
          "lag_15": 0.8382907801081927,
          "lag_16": 0.7506185385286022,
          "lag_17": 0.8003257167046471,
          "lag_18": 0.8470934700239204,
          "lag_19": 0.6476783750607475,
          "lag_20": 0.6378903674419092
        }
      },
      "correlaciones_cruzadas": {
        "cumple": true,
        "correlaciones": {
          "y_t": 0.05857701904474378,
          "y_t-1": 0.009176149981149132,
          "y_t-2": 0.03552483543174477,
          "y_t-3": 0.011904592721965783,
          "m_1": 0.04441823953131388,
          "m_2": 0.05523374762629694,
          "m_3": 0.054367037950101914
        }
      }
    },
    "normality": {
      "cumple": false,
      "p_value": 0.0006138752795592131
    },
    "homoscedasticity": {
      "cumple": true,
      "n_arch_effects": 0,
      "first_arch_lag": null
    }
  }
}