{
  "config": {
    "architecture": [
      64,
      32
    ],
    "activation": "tanh",
    "optimizer": {
      "name": "adam",
      "lr": 0.0001
    },
    "dropout": 0.0,
    "epochs": 200,
    "batch_size": 16
  },
  "mse": 0.00209080521017313,
  "mae": 0.0269192922860384,
  "residual_tests": {
    "zero_mean": {
      "cumple": true,
      "p_value": 0.23314185735910276,
      "mean": -0.0020244716961821153
    },
    "no_autocorrelation": {
      "cumple": true,
      "p_values": {
        "lag_10": 0.11124428691282374,
        "lag_20": 0.1929815252870533
      }
    },
    "normality": {
      "cumple": false,
      "p_value": 1.8027444700105362e-33
    },
    "homoscedasticity": {
      "cumple": true,
      "n_arch_effects": 0,
      "first_arch_lag": null
    }
  }
}