{
  "config": {
    "architecture": [
      16,
      8
    ],
    "activation": "tanh",
    "optimizer": {
      "name": "adam",
      "lr": 0.001
    },
    "dropout": 0.0,
    "epochs": 200,
    "batch_size": 32
  },
  "mse": 0.00025663417181931436,
  "mae": 0.007946373894810677,
  "residual_tests": {
    "zero_mean": {
      "cumple": true,
      "p_value": 0.13925505076672007,
      "mean": 0.0008793313682108314
    },
    "no_autocorrelation": {
      "cumple": true,
      "p_values": {
        "lag_10": 0.26433951140539297,
        "lag_20": 0.6056747803624906
      }
    },
    "normality": {
      "cumple": false,
      "p_value": 9.285050102576259e-37
    },
    "homoscedasticity": {
      "cumple": true,
      "n_arch_effects": 0,
      "first_arch_lag": null
    }
  }
}