{
  "config": {
    "architecture": [
      16,
      8
    ],
    "activation": "tanh",
    "optimizer": {
      "name": "adam",
      "lr": 0.001
    },
    "dropout": 0.0,
    "epochs": 200,
    "batch_size": 32
  },
  "mse": 0.00025663417181931436,
  "mae": 0.007946373894810677,
  "residual_tests": {
    "zero_mean": {
      "cumple": true,
      "p_value": 0.13925505076672007,
      "mean": 0.0008793313682108314
    },
    "no_autocorrelation": {
      "cumple": true,
      "ljungbox": {
        "cumple": true,
        "p_values": {
          "lag_1": 0.16974482272746466,
          "lag_2": 0.23948809404200117,
          "lag_3": 0.2770464853821653,
          "lag_4": 0.4241136056518542,
          "lag_5": 0.17105761318523727,
          "lag_6": 0.15285805515246612,
          "lag_7": 0.2152055640802116,
          "lag_8": 0.27505901717207665,
          "lag_9": 0.20606084042985,
          "lag_10": 0.26433951140539297,
          "lag_11": 0.28006957834725904,
          "lag_12": 0.3530332627277557,
          "lag_13": 0.40967502957733476,
          "lag_14": 0.4106379729857878,
          "lag_15": 0.38715920175881097,
          "lag_16": 0.4532115850617203,
          "lag_17": 0.48275661061657316,
          "lag_18": 0.5128093293704807,
          "lag_19": 0.5774620682585947,
          "lag_20": 0.6056747803624906
        }
      },
      "correlaciones_cruzadas": {
        "cumple": true,
        "correlaciones": {
          "y_t": -0.2222141193440495,
          "y_t-1": -0.1132603275018947,
          "y_t-2": 0.007890982657761227,
          "y_t-3": -0.0905375097591667,
          "m_1": -0.2199040567363224,
          "m_2": -0.1749478010057913,
          "m_3": -0.1972275116293241
        }
      }
    },
    "normality": {
      "cumple": false,
      "p_value": 9.285050102576259e-37
    },
    "homoscedasticity": {
      "cumple": true,
      "n_arch_effects": 0,
      "first_arch_lag": null
    }
  }
}