{
  "config": {
    "architecture": [
      128,
      64,
      32
    ],
    "activation": "relu",
    "optimizer": {
      "name": "adam",
      "lr": 0.0001
    },
    "dropout": 0.0,
    "epochs": 200,
    "batch_size": 32
  },
  "mse": 0.0001671271602390334,
  "mae": 0.010031315498054028,
  "residual_tests": {
    "zero_mean": {
      "cumple": true,
      "p_value": 0.13169887920257237,
      "mean": -0.0007234402527313509
    },
    "no_autocorrelation": {
      "cumple": true,
      "p_values": {
        "lag_10": 0.3581266814743262,
        "lag_20": 0.3467090029339235
      }
    },
    "normality": {
      "cumple": false,
      "p_value": 0.012436119143773587
    },
    "homoscedasticity": {
      "cumple": true,
      "n_arch_effects": 0,
      "first_arch_lag": null
    }
  }
}