{
  "config": {
    "architecture": [
      64,
      32,
      16
    ],
    "activation": "tanh",
    "optimizer": {
      "name": "adam",
      "lr": 0.0001
    },
    "dropout": 0.0,
    "epochs": 200,
    "batch_size": 32
  },
  "mse": 0.004020067397505045,
  "mae": 0.03252451494336128,
  "residual_tests": {
    "zero_mean": {
      "cumple": true,
      "p_value": 0.3043984012118731,
      "mean": 0.002418408346844058
    },
    "no_autocorrelation": {
      "cumple": true,
      "ljungbox": {
        "cumple": true,
        "p_values": {
          "lag_1": 0.2984096292851758,
          "lag_2": 0.1757751622650834,
          "lag_3": 0.17074960718742377,
          "lag_4": 0.28347424521643566,
          "lag_5": 0.4051088737569705,
          "lag_6": 0.23457408414831746,
          "lag_7": 0.277058854772567,
          "lag_8": 0.22225179202173087,
          "lag_9": 0.2872482858275984,
          "lag_10": 0.3688968209516483,
          "lag_11": 0.17443440027900528,
          "lag_12": 0.1929047287122847,
          "lag_13": 0.2396441756419152,
          "lag_14": 0.28751829220167446,
          "lag_15": 0.3359032051227023,
          "lag_16": 0.3899323728636627,
          "lag_17": 0.2978224396786087,
          "lag_18": 0.3517482583681594,
          "lag_19": 0.39493054494815016,
          "lag_20": 0.41807409133082096
        }
      },
      "correlaciones_cruzadas": {
        "cumple": true,
        "correlaciones": {
          "y_t": 0.14633946524875674,
          "y_t-1": -0.05754011750020847,
          "y_t-2": -0.08498093492610435,
          "y_t-3": -0.11388100424930493,
          "m_1": 0.05824597424930399,
          "m_2": 0.0019076965690532953,
          "m_3": -0.052260230966219415
        }
      }
    },
    "normality": {
      "cumple": false,
      "p_value": 4.1073691865179533e-38
    },
    "homoscedasticity": {
      "cumple": true,
      "n_arch_effects": 0,
      "first_arch_lag": null
    }
  }
}