{
  "config": {
    "architecture": [
      64,
      32,
      16
    ],
    "activation": "relu",
    "optimizer": {
      "name": "adam",
      "lr": 0.0001
    },
    "dropout": 0.0,
    "epochs": 200,
    "batch_size": 32
  },
  "mse": 0.0008579656714573503,
  "mae": 0.022519301623106003,
  "residual_tests": {
    "zero_mean": {
      "cumple": true,
      "p_value": 0.060831867544429576,
      "mean": 0.0020376265161733092
    },
    "no_autocorrelation": {
      "cumple": true,
      "p_values": {
        "lag_10": 0.9603955953761925,
        "lag_20": 0.6378903674419092
      }
    },
    "normality": {
      "cumple": false,
      "p_value": 0.0006138752795592131
    },
    "homoscedasticity": {
      "cumple": true,
      "n_arch_effects": 0,
      "first_arch_lag": null
    }
  }
}